Store,Week,Temperature,Holiday,CPI,FuelPrice,Unemployment,WeeklySales
41,19,63.36,No,189.4000734,2.684,7.363,1217199.39
42,71,84.57,No,129.0357097,3.981,8.494,616701.99
6,60,70.83,No,216.1438163,3.473,6.858,1438465.81
38,137,83.64,No,130.9776667,4.133,10.926,430944.39
36,27,85.49,No,210.2614925,2.573,8.36,467442.94
23,142,47.89,No,138.8336129,4,4.145,1363155.77
19,30,66.4,No,132.6932258,2.885,8.099,1557888.16
31,130,88.09,No,221.5785461,3.407,6.565,1303732.36
35,15,53.82,No,136.010394,2.982,9.051,1104277.57
28,107,51.8,No,130.4546207,3.781,12.187,1501503.68
20,108,39.79,No,213.4725116,3.739,6.961,2045837.55
28,68,66.59,No,129.0756774,4.169,13.736,1151282.31
33,8,64.09,No,126.6050645,2.98,10.115,262893.76
1,21,84.34,No,211.3386526,2.653,7.808,1422711.6
29,62,44.42,No,134.1777742,3.72,9.966,505304.33
28,33,82.45,No,126.1454667,3.028,14.18,1159812.35
34,59,55.58,No,128.5121935,3.495,10.398,1014218.8
29,113,46.4,No,137.7261935,3.921,8.988,504566.28
16,83,63.44,No,194.5092113,3.511,6.338,580805.33
30,111,63.39,No,220.8498468,3.734,7.057,413617.45
9,113,67.87,No,225.107867,3.845,5.667,574985.37
16,65,37.77,No,192.6243322,3.663,6.339,378100.31
26,123,49.43,No,138.1174194,3.746,7.489,1106176.83
5,50,37.74,No,212.008514,2.983,6.634,260636.71
17,122,54.13,No,130.9592258,3.788,6.235,938914.28
18,10,59.91,No,131.9408065,2.849,9.269,1174447.55
35,41,45.9,No,136.8349032,2.931,8.763,870914.69
43,58,60.24,No,205.9880714,3.459,10.398,629026.75
19,102,37.08,No,136.753,3.666,7.943,1182198.7
4,26,80.7,No,126.1069032,2.65,7.372,1796637.61
23,93,44.04,No,136.4618065,3.57,4.42,1436940.78
17,135,68.07,No,130.8853548,3.624,5.936,865924.2
10,106,55.73,Yes,130.3849032,3.722,7.545,2218595.8
33,38,74.2,No,126.3815484,3.014,9.265,234175.92
1,14,72.55,No,210.3399684,2.835,7.808,1603955.12
43,28,86.31,No,203.5385,2.692,9.816,713479.91
16,126,77.31,No,197.785577,3.693,6.169,570162.28
4,72,83.51,No,129.0432,3.618,5.946,2141210.62
44,23,71.33,No,126.1518,2.802,7.804,280472.78
11,60,73.74,No,217.9674705,3.473,7.551,1229777.24
8,106,35.71,Yes,223.8024507,3.409,5.825,1021400.42
35,93,49.69,No,140.4111613,3.53,8.745,880576.33
5,122,79.72,No,222.3343277,3.501,5.801,359867.8
39,76,85.96,No,214.1083654,3.575,8.177,1380257.12
15,110,36.97,No,137.5066897,4.021,7.943,545120.67
9,42,49.96,No,215.4372854,2.771,6.56,519823.3
20,39,57.56,No,205.1118126,2.921,7.484,1891816
36,68,73.02,No,214.465412,3.925,8.3,376183.44
28,90,73.05,No,129.7821613,3.842,12.89,1203172.05
28,58,57.75,No,128.3995,3.818,14.021,1380836.35
9,124,82.21,No,225.5070634,3.393,5.539,564606.1
30,131,91.57,No,221.5869799,3.417,6.565,425136.55
25,106,32.47,Yes,213.1186138,3.64,6.961,658984.38
32,133,70.75,No,198.1001057,3.545,7.872,1261306.37
45,81,72.98,No,186.5093071,3.747,8.625,712362.72
36,48,52.88,Yes,210.182398,2.949,8.476,359310.65
35,141,55.4,No,142.9376167,4,8.665,873643.14
35,59,46.65,No,137.7398929,3.631,8.549,800662.82
29,83,69.16,No,136.2440968,3.784,9.863,497085.91
29,71,69.53,No,134.9425484,3.924,9.966,558431.44
17,125,62.9,No,130.7929,3.737,6.235,981210.57
33,133,96.79,No,130.7909677,4.002,7.147,270097.76
8,105,45.56,No,223.7079023,3.36,5.825,927610.69
42,82,91.59,No,129.2832581,3.663,8.257,503720.98
17,111,43.69,No,130.8261935,3.529,6.403,853136.46
32,69,55.13,No,192.8365651,3.795,8.595,1175447.49
2,85,78.85,No,215.6944378,3.526,7.852,1691439.52
34,26,72.26,No,126.1069032,2.65,9.816,875976.83
14,91,51.78,No,187.8774913,3.569,8.523,2056846.12
27,49,34.42,No,136.7332569,3.351,7.827,1568159.48
45,103,31.85,No,189.4214733,3.533,8.424,700392.21
14,1,27.31,No,181.8711898,2.784,8.992,2623469.95
20,111,53.73,No,214.0167132,3.862,6.961,2064991.71
21,105,55.83,No,219.8118854,3.36,7.057,680725.43
9,75,89.04,No,218.8755955,3.48,6.404,535983.13
8,10,59.25,No,213.9580793,2.77,6.29,916033.92
31,40,58.71,No,211.6135053,2.689,8.163,1324455.72
35,51,30.13,No,136.8870657,3.229,8.549,659902.07
9,101,47.54,No,223.4332408,3.157,5.667,519585.67
36,54,41.16,Yes,211.6985093,3.009,8.395,401501.2
9,46,49.7,No,214.9334937,2.869,6.56,685243.2
9,28,86.85,No,215.2039756,2.692,6.442,481897.98
3,71,84.84,No,218.4037974,3.648,7.574,391638.75
11,107,52.77,No,223.9170153,3.51,6.833,1569607.94
24,125,72.29,No,138.1629,3.722,8.983,1434709.63
8,131,85.06,No,225.5127949,3.417,5.401,897076.73
21,133,85.55,No,221.6751459,3.571,6.565,751963.81
38,6,50.11,No,126.6042857,2.925,13.975,342023.92
16,113,48.29,No,197.4133259,3.75,6.162,485095.41
28,62,64.47,No,128.8238065,4.003,13.736,1414713.5
40,4,33.32,No,131.686,2.753,5.892,863917.41
13,143,46.97,No,131.1930968,3.755,5.621,2035189.66
41,85,54.82,No,194.7419707,3.596,6.901,1197019.39
33,64,79.46,No,128.9553,3.917,8.687,248603.3
36,44,54.44,No,210.376263,2.694,8.476,360266.09
25,86,60.28,No,209.4986126,3.711,7.274,620885.93
12,119,77.27,No,131.1453333,4.186,11.627,1041995.22
43,105,51.92,No,211.6762005,3.36,9.653,629176.71
5,104,54.63,No,220.6628023,3.29,5.943,295974.22
11,68,76.97,No,219.127216,3.907,7.574,1239466.97
16,49,12.39,No,191.3683815,2.882,6.614,573545.96
12,93,48.76,No,129.8167097,3.824,12.89,1095091.53
3,77,86.19,No,218.7857881,3.651,7.567,360617.37
7,86,43.67,No,194.8099713,3.581,8.622,536144.81
27,105,42.52,No,141.0161924,3.796,8.009,1564246.02
14,51,30.55,No,182.9193368,3.229,8.549,1743188.87
43,40,62.52,No,203.8713871,2.689,10.21,605960.2
39,25,82.2,No,209.9958663,2.608,8.36,1314651.83
40,65,52.68,No,134.4357333,3.988,4.781,847246.5
36,141,71.28,No,222.0510793,3.576,6.228,300236.85
20,14,66.74,No,203.6101784,2.966,7.856,2137202.38
34,4,37.28,No,126.5522857,2.59,9.521,905756.13
9,129,83.39,No,225.6871121,3.311,5.277,513991.57
43,130,82.01,No,213.3303963,3.407,9.285,572447.52
42,136,83.07,Yes,130.9325484,4.124,7.17,617405.35
4,69,73.65,No,129.0623548,3.771,5.946,1986597.95
41,136,67.41,Yes,198.0950484,3.596,6.432,1392143.82
2,13,66.98,No,210.0505833,2.78,8.2,1802450.29
24,126,70.4,No,138.1962667,3.667,8.983,1428869.9
37,57,64.55,No,212.576205,3.288,8.395,527572.25
11,36,68.71,No,215.060858,2.633,7.564,1293472.8
2,111,63.68,No,220.8498468,3.734,7.057,1976082.13
13,21,71.83,No,126.1266,2.82,8.107,1970340.25
12,120,84.51,No,131.0983226,4.11,11.627,1020486.05
8,33,75.32,No,214.8785562,2.582,6.315,836707.85
36,128,78.15,No,220.6063444,3.245,6.623,298337.41
4,91,55.31,No,129.7936774,3.362,5.143,2151659.59
3,135,85.18,No,225.8293063,3.638,6.334,408838.73
13,141,55.1,No,131.1083333,3.797,5.621,1999079.44
4,48,38.09,Yes,127.0876774,2.955,7.127,1794868.74
1,31,81.21,No,211.5312479,2.577,7.787,1540163.53
8,79,85.15,No,218.9492991,3.684,6.425,892393.77
32,13,47.51,No,189.575127,2.766,8.963,1066792.63
38,122,78.11,No,130.9592258,4.277,11.627,435579.7
32,53,15.47,No,191.7625895,3.011,8.818,1070457.8
29,138,63.38,No,138.6534,4.056,9.419,489079.23
45,88,55.82,No,187.4837962,3.583,8.523,753447.05
19,9,45.26,No,131.9019677,2.957,8.185,1642970.27
16,35,59.39,No,190.6738241,2.759,6.986,463977.54
20,141,47.2,No,216.1150568,4,7.293,2162951.36
33,120,89.81,No,131.0983226,4.308,7.396,276899.95
24,32,67.11,Yes,132.7564516,2.837,8.117,1474498.59
44,94,40.65,No,129.8268333,3.489,6.078,310531.04
30,15,73.08,No,209.9984585,2.854,8.2,461868.09
3,69,84.41,No,218.8860765,3.786,7.574,369350.6
20,58,39.53,No,207.1882876,3.582,7.343,1990932.77
32,65,44.86,No,192.6243322,3.663,8.595,1107494.55
8,22,74.78,No,214.5928119,2.669,6.315,852333.75
10,77,88.59,No,129.1507742,3.697,8.257,1774342.61
9,79,91.52,No,219.1349201,3.684,6.404,554879.67
15,5,31.79,No,131.735,2.919,8.35,605325.43
22,84,69.14,Yes,140.2310173,3.809,8.023,1004434.54
8,21,81.78,No,214.7126286,2.653,6.29,814919.11
39,11,66.33,No,209.2691428,2.808,8.464,1242874.98
31,43,62.96,Yes,211.4062867,2.735,8.163,1858856.06
12,94,54.2,No,129.8268333,3.813,12.89,970641.34
3,94,63.91,No,221.6432852,3.308,7.197,398838.97
43,8,54.53,No,203.0165945,2.732,9.521,623097.93
15,111,47.42,No,137.5843871,4.021,7.943,570611.23
20,29,75.34,No,204.8217044,2.779,7.527,1975374.56
17,42,36.31,No,126.6072,2.842,6.885,782252.57
11,54,44.61,Yes,216.2660913,3.022,7.551,1419236.9
4,79,86.09,No,129.1846452,3.662,5.644,2160057.39
37,13,70.9,No,209.170772,2.78,8.464,517850.83
33,16,82.8,No,126.1843871,3.12,9.849,294264.2
2,61,55.43,No,214.4886908,3.524,7.931,1800171.36
42,132,90.78,No,130.7561613,3.811,7.17,576620.31
7,92,23.41,No,195.4847959,3.527,8.513,564536.01
5,5,48.89,No,211.9071653,2.625,6.566,288855.71
38,131,88.16,No,130.737871,3.76,10.926,469311.17
27,116,62.62,No,141.9015262,4.17,8.253,1639999.47
42,65,73.38,No,128.9998667,4.151,8.494,496010.17
15,140,59.57,No,138.8256,4.151,7.992,573498.64
27,59,46.65,No,137.7398929,3.796,7.827,1624539.21
10,113,67.92,No,130.9670968,4.294,7.545,1815760.42
15,41,39.63,No,132.9783226,3.065,8.067,619639.74
41,139,56.08,No,198.5903276,3.789,6.432,1307928.01
5,143,71.7,No,224.0378139,3.506,5.422,319550.77
31,46,48.63,No,211.0645458,2.869,8.163,1714667
33,92,71.91,No,129.8051935,3.828,8.01,236157.12
15,37,49.96,No,132.7633548,2.999,8.067,577011.26
5,85,83.55,No,216.6033083,3.526,6.529,278529.71
26,40,30.51,No,132.9245806,2.938,8.149,970224.51
16,76,65.16,No,193.3125484,3.532,6.338,586841.77
25,115,42.46,No,214.3127027,4.044,7.139,658691.56
7,73,46.85,No,192.9982655,3.661,8.595,640043.97
28,84,88,Yes,129.3686129,3.913,13.503,1310087
2,15,73.31,No,209.9984585,2.854,8.2,1880752.36
37,25,82.6,No,209.9958663,2.608,8.36,491998.12
37,33,82.1,No,210.2924504,2.582,8.36,501251.4
39,97,49.36,No,217.6645878,3.158,7.716,1781528.77
11,35,75.11,No,214.9846548,2.603,7.564,1182490.46
4,132,83.21,No,130.7561613,3.476,4.077,2193367.69
9,44,49.89,No,215.1445203,2.708,6.56,578164.82
22,18,69.49,No,136.2181682,2.857,8.348,1095539.13
7,134,59.27,No,198.0984199,3.558,7.872,609099.37
38,18,81.39,No,126.1360645,2.941,14.099,376184.88
42,55,61.77,No,127.99525,3.43,8.744,556485.1
32,105,35.89,No,196.8728921,3.031,8.256,1156826.31
19,72,64.02,No,135.0837333,3.989,7.658,1418973.62
15,103,21.39,No,136.8564194,3.705,7.943,492721.85
20,82,70.15,No,208.902476,3.704,7.274,1933577.2
32,127,78.68,No,197.8322195,3.646,7.872,1214183.97
34,61,55.46,No,128.7199355,3.521,10.581,884233.67
19,53,21.02,No,133.1834194,3.4,7.771,1370562.11
20,132,75.4,No,214.7484595,3.722,7.28,2144245.39
16,67,43.29,No,192.826069,3.767,6.339,410406.95
4,130,81.06,No,130.7195806,3.356,4.077,2048613.65
45,71,73.88,No,185.6486923,3.881,8.521,814395.17
10,111,62.11,No,130.8261935,4.273,7.545,1930814.66
1,112,65.93,No,221.2864126,3.787,7.348,1511068.07
45,75,77.49,No,186.032016,3.711,8.625,768718.11
45,106,37,Yes,189.7076048,3.64,8.424,803657.12
31,73,85.72,No,214.7441108,3.594,7.931,1375962.46
19,115,44.42,No,137.868,4.187,8.15,1365098.46
24,87,68,No,136.4195,3.858,8.358,1246242.61
1,2,38.51,Yes,211.2421698,2.548,8.106,1641957.44
18,22,71.22,No,132.5218667,2.815,9.342,1257928.35
9,9,65.21,No,214.3465181,2.719,6.384,545206.32
42,92,68.57,No,129.8051935,3.828,7.874,597667.21
45,17,69.27,No,182.0464181,2.899,8.899,801098.43
33,22,97.66,No,126.1392,2.978,9.495,267495.76
7,97,11.17,No,195.8742575,3.331,8.513,653845.45
18,120,62.31,No,138.1065806,3.899,8.304,1047444.59
23,75,69.92,No,135.6283333,3.784,4.584,1379488.05
43,80,86.64,No,207.4330369,3.638,10.641,595626.56
44,34,68.22,No,126.1900333,2.872,7.804,281313.78
12,92,59.77,No,129.8051935,3.828,12.89,1051944.79
27,78,79.41,No,139.8933099,4.004,7.85,1744879.06
13,129,75.69,No,130.7012903,3.556,5.765,2053089.32
10,96,57.29,No,129.8459667,3.701,7.874,2068097.18
1,43,64.52,Yes,211.7484333,2.735,7.838,1955624.11
13,105,31.39,No,130.3496774,3.077,6.104,1927780.74
3,138,72.78,No,226.3151496,3.721,6.334,414392.09
42,27,86.13,No,126.0854516,3.123,9.199,579544.21
31,22,82.29,No,210.8803726,2.669,8.099,1311704.92
13,10,38.97,No,126.6019032,2.877,8.107,1898321.33
30,35,70.28,No,211.3298742,2.603,8.163,445475.3
29,128,75.81,No,138.263,3.561,9.419,514709.76
19,63,48.67,No,134.2784667,3.981,7.658,1392093.04
7,66,26.54,No,192.7252006,3.735,8.595,407012.47
44,143,46.97,No,131.1930968,3.755,5.217,361067.07
34,119,61.92,No,131.1453333,3.685,9.575,949625.52
4,102,34.41,No,130.244,3.263,4.607,1941676.61
37,102,56.28,No,218.5823389,3.261,7.244,546221.4
5,53,41.67,No,213.1229755,2.989,6.634,329613.2
40,31,70.66,No,132.7248387,2.735,5.326,976453.34
41,106,22,Yes,196.9195056,3.103,6.589,1238844.56
1,39,69.64,No,211.9088438,2.716,7.838,1384209.22
24,95,41.83,Yes,136.4788,3.689,8.454,1761235.67
40,49,24.05,No,132.8823226,3.193,5.114,894280.19
39,59,65.28,No,213.1096787,3.488,8.395,1348410.05
44,115,51.7,No,131.108,3.833,5.621,311390.22
40,63,43.69,No,134.2784667,3.823,4.781,874446.32
39,137,76.71,No,221.2601207,3.717,6.623,1447614.08
25,130,72.98,No,214.7382432,3.647,7.28,659109.53
9,98,47.31,No,222.8825484,3.159,6.054,705557.97
27,136,76,Yes,142.500303,4.076,8.239,1840955.23
22,2,28.14,Yes,135.4113076,2.771,8.283,1022571.25
37,119,76.55,No,220.4075581,3.688,6.989,527983.04
27,55,39.32,No,137.2511849,3.42,7.827,1709365.19
42,62,73.03,No,128.8238065,3.818,8.494,620087.35
9,143,69.52,No,227.2328068,3.506,4.954,549731.49
36,8,55.76,No,209.7870932,2.711,8.554,404438.51
16,60,32.61,No,192.1964844,3.414,6.614,465279.68
35,84,70.93,Yes,140.2310173,3.738,8.684,922440.64
21,10,65.74,No,210.2831653,2.77,8.2,751181.4
19,71,68.26,No,134.9425484,4.025,7.658,1467473.63
19,59,40.32,No,133.8492258,3.796,7.771,1257972.37
9,139,76.8,No,226.7630732,3.666,5.277,516361.06
5,37,68.11,No,212.3691867,2.72,6.768,280681.2
38,15,68.44,No,126.2085484,3.145,14.099,346174.3
10,29,89.88,No,126.0766452,3.041,9.199,1983190.56
8,123,74.28,No,225.3011521,3.452,5.679,928820
41,21,66,No,189.4533931,2.715,7.363,1174209.52
37,37,71.57,No,210.5805944,2.72,8.476,498925.86
15,99,34.93,No,136.5883871,3.587,7.866,1182691.87
25,75,71.64,No,208.4386847,3.711,7.274,698529.64
15,78,74.67,No,135.9639355,4.004,7.806,577511.02
23,104,25.71,No,136.9598387,3.568,4.261,1037476.38
21,91,65.46,No,217.3251824,3.372,7.441,738812
43,129,83.83,No,213.3219124,3.311,9.285,596554.05
28,70,71.81,No,129.0490323,4.031,13.736,1403779.25
13,31,65.71,No,126.1019355,2.868,7.951,1911852.58
35,117,52.33,No,141.9596595,4.004,8.876,721212.45
18,53,20.79,No,133.1834194,3.24,9.131,1055841.24
1,132,85.05,No,221.9584329,3.494,6.908,1592409.97
36,89,74.16,No,216.0885258,3.234,7.716,342076.99
8,117,70.34,No,225.1734114,3.814,5.679,879448.25
16,92,33.43,No,195.4847959,3.527,6.232,511059.95
5,10,65.19,No,211.1738835,2.77,6.465,328020.49
10,139,82.52,No,131.043,3.966,7.17,1694862.41
22,80,74.69,No,140.0859873,3.88,8.023,991779.2
40,87,63.45,No,136.4195,3.684,4.584,912857.1
21,42,51.71,No,211.5470304,2.771,8.163,756288.89
31,128,82.51,No,221.5616784,3.256,6.565,1374301.34
21,107,45.03,No,220.0651993,3.51,7.057,834663.52
31,86,75.68,No,216.0282356,3.467,7.852,1347607.74
37,55,57.48,No,212.0063522,3.045,8.395,536840.69
30,128,82.51,No,221.5616784,3.256,6.565,417640.34
38,105,50.58,No,130.3496774,3.702,12.187,457711.68
3,102,51.86,No,223.3755259,3.261,6.833,367438.62
39,118,77.15,No,220.3545033,3.749,6.989,1512227.34
13,123,68.4,No,130.8896774,3.776,5.965,2182437.9
28,31,83.12,No,126.1019355,3.087,14.18,1523410.71
8,31,76.14,No,214.894576,2.577,6.315,899036.47
12,50,43.15,No,127.3009355,3.312,14.021,812011.8
23,130,69.31,No,138.2033871,3.701,4.156,1322932.36
13,41,42.55,No,126.5461613,2.831,7.795,1939964.63
27,75,76.87,No,139.5442083,3.886,7.85,2000055.27
28,112,56.26,No,130.8966452,4.038,12.187,1216059.41
11,27,86.54,No,214.8341952,2.627,7.346,1369634.92
43,86,78.98,No,208.1642143,3.467,10.641,586108.13
31,5,48.61,No,211.0067542,2.625,8.324,1384870.51
23,117,44.62,No,137.9781333,4.023,4.125,1277758.76
31,110,57.16,No,220.6974332,3.669,7.057,1439034.86
34,105,38.64,No,130.3496774,3.354,9.653,939367.14
19,13,49.89,No,132.0644333,3.042,8.185,1405065.57
39,104,60.65,No,218.7687195,3.29,7.244,1320301.61
40,141,47.35,No,138.9117,4.029,4.145,982523.26
44,79,75.56,No,129.1846452,3.595,6.56,298080.45
38,90,73.05,No,129.7821613,3.842,12.89,402709.17
10,48,49.67,Yes,127.0876774,3.148,9.003,1707298.14
43,14,67.16,No,202.3792571,2.835,9.593,691498.6
24,49,30.72,No,132.8823226,3.351,8.252,1178641.71
23,121,66.43,No,138.1101935,3.85,4.125,1552934.64
16,122,58.97,No,197.6218954,3.764,6.169,532311.93
11,111,64.21,No,224.7166953,3.734,6.833,1441884.28
31,97,41.44,No,218.605037,3.158,7.441,1556798.94
14,13,53.15,No,181.6620359,2.921,8.899,2082355.12
20,130,74.6,No,214.7382432,3.647,7.28,1911559.1
5,127,82.35,No,222.4714336,3.227,5.603,341214.43
4,82,81.47,No,129.2832581,3.523,5.644,1988490.21
39,70,83.59,No,214.0162805,3.699,8.3,1541745.59
10,64,75.93,No,128.9553,3.917,8.494,2004831.14
45,99,42.27,No,188.9299752,3.389,8.523,1521957.99
45,91,51.78,No,187.8774913,3.569,8.523,781694.57
28,60,54.4,No,128.6160645,3.909,14.021,1201059.72
20,89,62.54,No,210.4027602,3.541,7.082,2010107.68
29,60,38.77,No,133.9587419,3.624,10.256,478773.05
36,112,69.18,No,219.9705599,3.845,7.244,317872.51
34,63,53.3,No,128.9107333,3.724,10.581,941829
21,23,81.67,No,210.7657317,2.642,8.099,714677.47
45,92,43.92,No,187.9703629,3.551,8.523,833429.22
45,57,38.65,No,184.3879911,3.433,8.549,761880.36
42,123,86.87,No,130.8896774,4.103,7.382,642671.48
36,11,66.74,No,209.2691428,2.769,8.464,483699.56
9,83,89.33,No,219.382382,3.533,6.404,544643.33
2,74,85.69,No,214.8368678,3.524,7.852,1866243
23,97,36.4,No,136.5030667,3.47,4.42,1841173.6
24,130,73.62,No,138.2033871,3.82,8.953,1307339.14
30,88,71.64,No,216.6958311,3.285,7.441,417528.26
3,43,68.71,Yes,215.0614025,2.735,7.564,565567.84
30,7,54.68,No,210.8733316,2.72,8.324,445736.36
10,19,89.67,No,126.1119032,3.057,9.524,1827521.71
41,39,42.16,No,190.951728,2.748,7.508,1144854.56
32,31,70.2,No,190.3621607,2.773,9.017,1095932.51
20,120,60.99,No,214.5485571,3.848,7.139,2039222.26
7,51,25.4,No,191.5731924,2.973,8.818,521539.46
13,135,79.18,No,130.8853548,3.624,5.765,2073855.42
35,97,46.28,No,140.4397857,3.415,8.745,948964.99
3,100,48.29,Yes,223.0090839,3.129,7.197,410553.88
16,15,41.26,No,189.4904116,2.788,6.842,401770.9
2,16,74.83,No,210.2768443,2.826,8.2,1896937.1
7,5,35.86,No,189.6695049,2.62,9.014,491419.55
39,72,85.21,No,213.7481256,3.637,8.3,1451392.67
10,15,73.88,No,126.2085484,3.145,9.524,1808056.41
35,48,29.59,Yes,136.665265,3.179,8.763,576332.05
39,23,81.1,No,209.8708867,2.642,8.36,1330473.47
10,86,82.51,No,129.5183333,3.789,8.257,1685910.53
17,8,35.59,No,126.6050645,2.819,6.548,793097.64
13,39,45.12,No,126.4364194,2.841,7.795,1887895.07
15,89,61.3,No,136.5150968,3.744,7.866,537300.94
19,15,46.53,No,132.152129,3.112,8.185,1437319.45
27,6,45.98,No,135.6270013,2.938,8.237,1925113.12
34,103,39.28,No,130.2792258,3.273,9.653,910899.05
41,96,34.53,No,195.8223287,3.378,6.759,1292436.23
7,11,41.89,No,189.6628845,2.765,8.963,406228.19
22,118,50.75,No,142.0177929,3.991,7.671,1005083.31
15,49,30.53,No,132.8823226,3.351,7.771,509640.77
9,110,54.03,No,224.8046825,3.669,5.667,574955.95
12,80,91.04,No,129.2015806,3.701,13.503,955913.68
28,109,52.27,No,130.6457931,4.178,12.187,1451740.57
3,59,69.47,No,217.7235226,3.488,7.551,392109.51
9,136,87.93,Yes,226.2103541,3.73,5.277,565812.29
14,58,45.01,No,184.613419,3.582,8.549,1931104.67
38,57,51.72,No,128.26475,3.674,14.021,405429.43
22,41,44.42,No,136.8349032,2.961,8.572,1043698.64
3,120,72.38,No,225.2512024,3.63,6.664,418112.76
44,138,67.96,No,131.0103333,3.821,5.407,336017.6
23,70,67.21,No,134.8551613,3.973,4.781,1562161.97
29,50,24.76,No,132.9510645,3.215,10.256,426905.26
6,88,74.1,No,218.59704,3.285,6.551,1481739.2
31,87,78.91,No,216.3620333,3.355,7.852,1285534.74
43,66,66.77,No,207.5714929,3.906,10.581,649148.74
15,121,67.97,No,138.1101935,3.979,8.15,693780.42
12,3,54.83,No,126.5262857,2.915,13.975,1095421.65
33,49,46.25,No,127.1917742,3.287,8.951,243948.82
39,28,85.66,No,210.3943056,2.692,8.36,1371465.66
34,52,34.68,No,127.5800323,3.022,10.398,836717.75
44,83,77,No,129.3259355,3.58,6.56,309543.52
7,18,53.63,No,189.422658,2.7,8.963,509183.22
4,109,50.38,No,130.6457931,3.619,4.607,2206319.9
5,103,54.65,No,220.5694104,3.268,5.943,287523.98
12,100,44.64,Yes,130.0710323,3.428,12.89,1111638.07
5,58,55.74,No,214.6729901,3.459,6.634,293098.1
38,8,60.06,No,126.6050645,3.083,13.975,335858.11
41,51,32.7,No,191.5731924,2.973,7.241,1088025.8
18,86,60.44,No,136.367,3.758,8.89,853073.17
42,106,55.73,Yes,130.3849032,3.722,7.545,674919.45
40,72,59.16,No,135.0837333,3.873,4.781,971422.67
7,136,57.84,Yes,198.0950484,3.596,7.872,597876.55
2,52,42.83,No,211.8552668,3.01,8.028,1695371.68
31,109,59.3,No,220.4866886,3.63,7.057,1427881.22
43,67,76.03,No,207.7281429,3.899,10.581,684655.91
13,51,34.8,No,127.4404839,2.934,7.47,1770177.37
38,95,53.25,Yes,129.8364,3.622,12.89,393715.71
6,121,78.47,No,223.3525662,3.561,5.964,1603793.42
25,65,58.43,No,208.6386,3.962,7.287,649245
29,70,70.09,No,134.8551613,3.973,9.966,598251.57
34,140,65.41,No,131.0756667,3.62,8.839,968896.68
1,138,69.87,No,222.7818386,3.721,6.908,1506126.06
41,29,66.19,No,190.2948237,2.732,7.335,1353838.39
11,110,61.44,No,224.5620291,3.669,6.833,1413382.76
5,47,55.01,No,211.9573978,2.886,6.768,466010.25
33,122,83.57,No,130.9592258,4.277,7.396,261131.09
12,46,52.77,No,126.8794839,3.236,14.313,1295605.35
38,89,67.31,No,129.7706452,3.805,12.89,400430.78
28,53,45.14,No,127.7195806,3.348,14.021,1564897.32
26,109,22.49,No,137.4238966,3.827,7.467,955641.74
3,63,75.88,No,218.6788642,3.743,7.574,366250.69
20,32,65.02,Yes,204.7266827,2.699,7.527,2014954.79
31,96,48.72,No,218.3590319,3.172,7.441,1388809.43
17,56,24.36,No,128.13,3.12,6.866,767256.53
32,1,34.43,No,189.3816974,2.58,9.014,1087616.19
36,104,62.73,No,218.7687195,3.313,7.244,301444.94
26,135,63.69,No,138.3771935,3.884,7.405,1053495.51
31,6,57.1,No,211.037551,2.667,8.324,1366193.35
7,2,25.9,Yes,189.4642725,2.572,9.014,524104.92
15,35,59.69,No,132.7568,2.84,8.067,566945.95
17,34,58.39,No,126.1900333,2.872,6.697,852876.29
17,98,21.07,No,129.8980645,3.282,6.617,1067754.06
24,96,47.21,No,136.4909333,3.666,8.454,1335647.1
30,37,68.61,No,211.4713286,2.72,8.163,453943.89
16,128,70.29,No,197.8788621,3.613,6.061,569005.06
23,87,64.76,No,136.4195,3.684,4.584,1275597.85
28,99,45.4,No,129.9845484,3.541,12.89,1796203.51
20,135,72.66,No,215.0878309,3.867,7.28,2062481.56
41,17,56.97,No,189.4452425,2.737,7.363,1246654.24
27,58,43.64,No,137.6269617,3.752,7.827,1613259.77
29,122,70.01,No,138.1138065,3.798,9.14,576252.35
6,40,59.9,No,213.4785503,2.689,7.007,1505442.15
29,112,54.68,No,137.6552903,3.889,8.988,517408.48
6,65,75.27,No,217.1847255,3.81,6.855,1479249.9
30,26,83.59,No,211.0264684,2.64,8.099,437893.76
20,124,71.51,No,214.5653243,3.62,7.139,2165160.29
27,30,70.31,No,136.557015,2.885,7.982,1870684.21
25,68,56.56,No,208.7583165,4.062,7.287,677971.33
17,62,39.16,No,128.8238065,3.547,6.774,811855.72
7,63,27.79,No,192.4225954,3.611,8.595,423380.14
44,121,62.39,No,131.0287742,3.801,5.621,343268.29
22,26,76.35,No,136.4554021,2.792,8.433,970773.64
39,111,65.81,No,219.8956335,3.734,7.244,1522421.07
3,89,73.75,No,220.7486167,3.274,7.197,368282.57
40,110,30.58,No,137.5066897,3.876,4.261,954233.87
38,25,99.22,No,126.1283548,3.112,14.18,328336.85
4,52,40.6,No,127.5800323,3.022,6.51,1814240.85
28,110,54.54,No,130.7413793,4.25,12.187,1680764.06
14,68,62.28,No,185.9661154,4.062,8.521,1959967.8
23,28,67.43,No,132.63,2.81,5.326,1346345.97
36,116,70.87,No,220.2483937,3.918,6.989,323915.32
14,71,73.88,No,185.6486923,3.881,8.521,2132446
39,107,52.75,No,219.1148297,3.51,7.244,1511041.69
44,52,31.64,No,127.5800323,2.96,7.224,276011.4
27,54,30.45,Yes,137.1378318,3.416,7.827,1636224.77
14,130,77.2,No,191.1655664,3.647,8.684,1479514.66
32,39,45.45,No,190.951728,2.748,9.137,1115138.51
25,110,37.44,No,213.8711137,3.848,6.961,643711.53
4,29,78.83,No,126.0766452,2.671,7.372,1997181.09
44,81,76.68,No,129.2405806,3.578,6.56,290909.69
30,125,81.78,No,221.4411622,3.346,6.891,428554.63
33,20,87.69,No,126.114,2.935,9.849,272399.08
17,25,69.66,No,126.1283548,2.797,6.697,893504.87
14,86,63.75,No,187.0295321,3.711,8.625,1871555.64
6,45,48.46,No,212.9804059,2.843,7.007,1834737.58
6,27,86.61,No,213.0311188,2.627,6.973,1633241.59
29,69,62.59,No,134.7677742,4.034,9.966,550735.64
28,40,65.49,No,126.4912903,3.129,14.313,1501663.26
12,72,86.84,No,129.0432,3.935,13.736,986504.93
1,42,51.41,No,211.8896737,2.771,7.838,1483784.18
39,75,84.33,No,214.0245556,3.48,8.177,1414564.53
45,28,78.44,No,182.6226346,2.805,8.743,722262.21
28,125,91.61,No,130.7929,4.014,11.627,1180671.55
36,34,79.17,No,210.3664469,2.578,8.36,419348.59
9,17,77.12,No,214.4328505,2.759,6.384,558143.53
14,16,62.62,No,181.8538486,2.958,8.899,2108187.1
2,94,62.01,No,217.8670218,3.308,7.441,1902762.5
17,137,59.64,No,130.9776667,3.749,5.936,1071040.22
40,97,34.48,No,136.5030667,3.47,4.42,1158708.98
5,64,74.34,No,216.0280407,3.807,6.489,328415.44
25,126,69.84,No,214.6466757,3.506,7.139,718890.81
44,72,63.35,No,129.0432,3.704,6.906,300255.87
35,58,43.64,No,137.6269617,3.582,8.549,830601.39
28,123,84.83,No,130.8896774,4.103,11.627,1440687.69
17,46,25.13,No,126.8794839,2.842,6.885,1049372.38
26,133,65.54,No,138.1857097,3.84,7.405,1068292.56
34,45,41.93,No,126.7934,2.86,10.21,1086661.02
29,66,53.63,No,134.5143667,4.078,9.966,534372.53
16,30,65.66,No,190.3284922,2.731,6.868,581010.52
2,46,47.55,No,211.0645458,2.869,8.163,2609166.75
4,129,79.14,No,130.7012903,3.263,4.077,2175563.69
9,8,51.8,No,214.5531227,2.732,6.415,484946.56
25,104,32.24,No,212.9286312,3.567,6.961,589554.29
8,61,49.86,No,218.2586281,3.524,6.297,878762.3
15,42,44.1,No,132.9172,3.138,8.067,608200.81
26,139,50.66,No,138.7395,4.018,7.405,964726.37
14,64,53.04,No,185.6684673,3.892,8.521,2256461.39
40,17,67.88,No,132.2939355,2.906,5.435,1008483.07
14,4,34.89,No,182.0774691,2.754,8.992,2095591.63
25,138,57.6,No,215.5475459,4.038,7.28,664745.2
12,63,57.63,No,128.9107333,3.868,13.736,990951.77
8,53,24.48,No,215.9327797,2.989,6.262,944594.78
31,75,89.16,No,214.9296249,3.48,7.852,1423144.47
29,7,46.03,No,131.8242903,2.834,10.064,496851.6
6,39,70.39,No,213.4302994,2.716,7.007,1385323.7
5,79,91.07,No,216.1071198,3.684,6.529,317738.56
7,44,21.88,No,190.9931437,2.712,9.137,552811.62
25,84,67.51,Yes,209.0225562,3.738,7.274,673248.48
10,1,54.34,No,126.4420645,2.962,9.765,2193048.75
27,18,74.29,No,136.2181682,3.006,8.058,2073102.59
27,104,36.96,No,140.9124021,3.737,8.009,1263534.86
8,2,33.34,Yes,214.6214189,2.548,6.299,994801.4
25,124,68.34,No,214.5653243,3.62,7.139,753860.89
3,112,66.53,No,224.7909104,3.787,6.833,413907.25
2,62,67,No,214.7252242,3.622,7.931,1847552.61
18,30,67.05,No,132.6932258,2.77,9.342,1214302.76
6,70,84.01,No,216.819252,3.699,6.855,1705506.29
18,121,65.48,No,138.1101935,3.85,8.304,1088446.58
32,87,65.04,No,194.8779718,3.538,8.622,1088943.98
32,40,49.2,No,190.9964377,2.729,9.137,1063056.21
42,57,56.96,No,128.26475,3.674,8.744,570879.04
21,71,84.71,No,214.6964908,3.648,7.931,794397.89
42,135,86.97,No,130.8853548,3.886,7.17,504760.57
4,16,67.4,No,126.1843871,2.82,7.896,1903752.6
29,116,58.81,No,137.9230667,4.046,9.14,525200.59
9,10,64.95,No,214.1399135,2.77,6.384,529384.31
15,118,51.04,No,138.0332,4.124,8.15,577868.38
18,90,55.83,No,136.5017742,3.618,8.471,1048212.62
14,106,37,Yes,189.7076048,3.64,8.424,2077256.24
25,27,71.79,No,204.7293252,2.784,7.527,699464.43
7,70,45.77,No,192.8418131,3.763,8.595,542295.37
24,36,54.82,No,132.7516667,2.903,8.275,1361944.94
19,26,72.83,No,132.5983871,2.932,8.099,1366395.96
21,123,79.47,No,221.3877467,3.452,6.891,707895.72
22,123,61.71,No,142.1158099,3.746,7.671,1061134.37
20,25,77.75,No,204.4812188,2.771,7.527,1900535.9
38,98,43.29,No,129.8980645,3.6,12.89,404283.84
9,128,82.39,No,225.6771463,3.256,5.277,536537.64
31,21,87.01,No,210.9950134,2.653,8.2,1303523.73
34,18,72.17,No,126.1360645,2.701,9.593,966187.51
27,32,70.38,Yes,136.6212085,2.837,7.982,1913494.81
5,101,50.21,No,220.2969205,3.157,5.943,312078.71
28,122,78.11,No,130.9592258,4.277,11.627,1245480.95
1,118,75.55,No,221.6718,3.749,7.143,1684519.99
41,35,62.67,No,190.6738241,2.759,7.508,1109216.35
6,75,88.36,No,216.8200275,3.48,6.925,1709373.62
18,49,30.1,No,132.8823226,3.193,9.131,933960.3
17,13,43.82,No,126.3805667,2.941,6.635,807798.73
27,74,73.76,No,139.36375,3.916,7.85,1949983.93
45,32,70.87,Yes,182.598178,2.699,8.743,721460.22
23,106,26.6,Yes,137.1666774,3.655,4.261,1358444.07
43,143,69.17,No,214.7415392,3.506,8.839,587603.55
17,119,49.96,No,131.1453333,3.809,6.235,944100.3
32,89,50.15,No,195.0261012,3.491,8.513,1175420.26
34,128,74.02,No,130.683,3.224,9.285,954677.75
36,92,58.97,No,216.5634344,3.287,7.716,313387.11
10,66,73.56,No,129.0444333,4.193,8.494,1841369.99
37,84,77.94,Yes,214.6155376,3.546,8.177,506273.74
41,2,23.04,Yes,189.4642725,2.572,7.541,1075656.34
14,118,55.21,No,190.9222115,3.951,8.567,1949354.29
7,49,10.09,No,191.3683815,2.882,8.818,661163.94
29,110,41.72,No,137.5066897,3.876,8.988,504750.35
35,98,40.68,No,140.4700795,3.413,8.745,1115255.65
27,71,73.26,No,138.8606382,4.025,7.725,1817914.71
41,53,14.56,No,191.7625895,3.011,7.241,1179420.5
29,67,57.71,No,134.593,4.095,9.966,549551.02
9,77,89.08,No,219.0187895,3.651,6.404,491449.94
40,13,46.5,No,132.0644333,2.935,5.435,816838.31
40,94,41.85,No,136.4666667,3.571,4.42,905399.99
34,3,38.36,No,126.5262857,2.54,9.521,983963.07
34,118,65.04,No,131.136,3.747,9.575,991104.4
30,42,51.71,No,211.5470304,2.771,8.163,423707.69
36,2,46.11,Yes,209.9970208,2.539,8.554,469563.7
31,120,72.42,No,221.380331,3.63,6.891,1441473.82
26,108,28.06,No,137.3411034,3.751,7.467,917924.47
36,58,59.15,No,212.8611313,3.448,8.395,407506.78
24,59,43.39,No,133.8492258,3.796,8.252,1168397.26
31,26,83.59,No,211.0264684,2.64,8.099,1231993.14
16,2,20.87,Yes,189.4642725,2.572,7.039,472044.28
33,87,89.1,No,129.6060667,3.877,8.442,229731.98
41,114,48.48,No,197.5971285,3.854,6.547,1460234.31
38,88,70.44,No,129.6938,3.827,12.89,449516.29
27,28,77.36,No,136.4928214,2.923,7.982,1864436.12
3,28,86.74,No,214.9730444,2.692,7.346,339597.38
20,143,60.04,No,216.1515902,3.882,7.293,2031650.55
6,136,86.33,Yes,224.0560076,3.73,5.668,1608077.01
27,120,65.15,No,142.0970115,4.029,8.253,1707158.82
21,64,70.79,No,215.1096657,3.807,7.931,801302.01
21,11,67.87,No,210.1495463,2.808,8.2,716026.51
29,120,61.9,No,138.1065806,3.899,9.14,543706.04
32,143,47.22,No,199.2195317,3.686,7.557,1219979.29
21,60,70.33,No,214.2521573,3.473,8.028,753711.32
29,8,48.56,No,131.863129,2.831,10.064,552985.34
43,119,67.59,No,213.1623524,3.688,9.575,640159.04
5,28,87.41,No,212.1978889,2.692,6.496,286477.35
27,90,59.62,No,140.4616048,3.757,7.906,1689591.44
21,54,34.61,Yes,212.5928624,3.022,8.028,771908.51
30,119,74.14,No,221.3632212,3.688,6.891,436070.45
38,24,97.18,No,126.1498065,3.094,14.18,338277.71
34,50,30.75,No,127.3009355,2.992,10.398,898610.33
19,88,53.1,No,136.472,3.775,7.866,1461718.87
22,51,26.8,No,136.8870657,3.232,8.458,855001.02
40,69,63.11,No,134.7677742,4.034,4.781,972373.81
14,52,24.05,No,183.1800955,3.237,8.549,1613718.38
7,116,39.3,No,197.7227385,3.936,8.09,457340.06
34,15,60.74,No,126.2085484,2.845,9.593,933924.44
1,108,57.25,No,220.636902,3.555,7.348,1539387.83
5,59,64.31,No,214.9257339,3.488,6.634,312177.67
15,73,69.96,No,135.2652667,3.964,7.658,656594.95
27,85,69.65,No,140.2735,3.937,7.85,1613773.9
31,25,87.17,No,210.8921319,2.608,8.099,1276031.84
5,100,45.62,Yes,220.1178226,3.129,6.3,349624.88
45,101,35.88,No,189.1940558,3.422,8.424,714081.05
5,131,86.91,No,222.5385111,3.417,5.603,324195.17
19,51,22.8,No,133.0285161,3.391,7.771,1212967.84
28,74,89.85,No,129.0894,3.842,13.503,1319054.57
43,81,82.08,No,207.4953088,3.554,10.641,663396.32
23,131,71.51,No,138.1735806,3.698,4.156,1416926.31
32,72,67.38,No,192.9034759,3.697,8.595,1192031.38
20,80,73.52,No,208.7820061,3.812,7.274,2052246.4
10,24,91.8,No,126.1498065,2.971,9.199,1828052.47
27,33,64.5,No,136.6338071,2.846,7.982,1629978.46
14,67,60.38,No,186.0719231,4.066,8.521,2004330.3
38,80,91.04,No,129.2015806,3.701,13.503,387844.05
2,23,82.59,No,210.7657317,2.642,8.099,1880902.62
45,14,70.75,No,181.6468154,2.966,8.899,812190.76
28,87,83.26,No,129.6060667,3.877,13.503,1120731.76
40,57,18.49,No,133.6141429,3.437,5.114,977070.62
3,116,72.05,No,225.0689541,3.877,6.664,434822.13
11,140,73.37,No,226.7210356,3.617,6.034,1422794.26
41,69,50.56,No,192.8365651,3.795,6.934,1278304.33
2,134,76.91,No,221.8083518,3.62,6.565,1876788.15
30,139,80.38,No,222.6164329,3.666,6.565,425410.04
44,15,50.15,No,126.2085484,2.962,7.972,286515.92
25,119,59.21,No,214.5319099,3.889,7.139,739866.16
10,71,84.57,No,129.0357097,3.981,8.494,1740063.1
38,54,51.3,Yes,127.859129,3.381,14.021,377672.46
5,106,48.57,Yes,220.849586,3.409,5.943,349239.88
1,12,64.84,No,210.4391228,2.795,7.808,1391256.12
28,91,67.41,No,129.7936774,3.727,12.89,1242746.06
4,45,42.4,No,126.7934,2.86,7.127,2302504.86
27,112,57.3,No,141.6269332,4.054,8.009,1620839.34
35,140,64.5,No,142.8516833,3.985,8.665,866064.4
20,67,62.26,No,208.9599189,4.066,7.287,2036748.53
9,36,65.35,No,215.290437,2.633,6.56,505069.21
35,24,78.26,No,136.4179827,2.783,8.861,1124414.87
18,42,45.26,No,132.9172,3.03,9.331,1045722.37
35,122,73.4,No,142.1095438,3.742,8.876,932195.52
38,31,83.12,No,126.1019355,3.087,14.18,377096.55
19,4,30.33,No,131.686,2.91,8.35,1373270.06
28,44,43.33,No,126.7313333,3.041,14.313,1447916.29
27,99,41.59,No,140.528765,3.587,7.906,2739019.75
11,28,87.73,No,214.9730444,2.692,7.346,1384339.1
5,99,50.33,No,219.9387246,3.112,6.3,458562.24
1,107,45.32,No,220.4257586,3.51,7.348,1819870
13,87,68.28,No,129.6060667,3.623,6.877,1835662.69
23,67,55.12,No,134.593,4.095,4.781,1254914.87
34,24,78.53,No,126.1498065,2.621,9.816,930269.79
7,103,27.41,No,196.7796652,3.055,8.256,578002.85
14,29,76.01,No,182.6165205,2.779,8.743,2057138.31
41,26,70.07,No,189.9368504,2.69,7.335,1211136.63
40,40,36.45,No,132.9245806,2.938,5.287,968270.66
23,5,33.15,No,131.735,2.766,5.892,1311175.93
39,33,81.83,No,210.2924504,2.582,8.36,1252915.43
36,13,70.9,No,209.170772,2.725,8.464,457899.64
43,63,65.01,No,207.1015429,3.743,10.581,635758.03
7,72,48.79,No,192.9034759,3.697,8.595,610991.35
13,57,34.23,No,128.26475,3.23,7.47,1894960.68
11,52,51.04,No,215.5065821,3.01,7.551,1100418.69
22,95,46.28,Yes,140.4217857,3.536,7.706,1535857.49
40,10,54.31,No,131.9408065,2.849,5.435,919839.19
29,54,28.89,Yes,133.260871,3.255,10.256,550387.78
41,63,39.94,No,192.4225954,3.611,6.934,1192982.07
26,36,46.81,No,132.7516667,2.776,8.149,1001069.52
12,99,45.4,No,129.9845484,3.541,12.89,1617612.03
33,71,87.02,No,129.0357097,3.981,8.687,258427.39
31,137,76.1,No,222.2174395,3.717,6.565,1327705.44
3,52,48.71,No,215.5065821,3.01,7.551,364866.24
12,22,91.98,No,126.1392,3.105,14.18,951957.31
23,143,50.56,No,138.7281613,3.917,4.145,1347454.59
26,28,61.58,No,132.63,2.81,8.445,1011938.29
33,34,91.18,No,126.1900333,2.939,9.495,231976.84
39,126,85.72,No,220.5278796,3.286,6.989,1492388.98
22,101,34.61,No,140.6461359,3.439,7.503,895358.2
31,65,70.19,No,215.2772683,3.81,7.931,1331137.96
22,70,70.09,No,138.7694608,3.973,8.252,1125169.92
25,50,18.3,No,204.7026042,3.205,7.343,572360.83
34,5,42.65,No,126.5782857,2.654,9.521,918295.79
29,124,66.56,No,138.1295333,3.683,9.14,552338.76
38,142,68.66,No,131.1499677,4.449,10.199,428806.46
19,111,48.2,No,137.5843871,4.021,7.943,1312849.1
42,68,72.62,No,129.0756774,3.99,8.494,524559.95
26,34,52.47,No,132.7619333,2.718,8.445,868636.3
18,11,50.26,No,131.9809,2.885,9.269,1135577.62
16,90,46.99,No,195.1789994,3.548,6.232,560104.16
6,53,40.59,No,214.0887176,2.989,6.858,1514999.17
24,73,68.88,No,135.2652667,3.964,8.212,1304850.67
40,84,64.83,Yes,136.2745806,3.809,4.584,1021391.99
30,78,91.56,No,215.1363819,3.682,7.852,414245.96
30,86,75.68,No,216.0282356,3.467,7.852,391837.56
5,117,68.96,No,222.2053519,3.814,5.801,324839.74
45,20,72.62,No,182.4424199,2.78,8.899,815130.5
42,17,76.67,No,126.1602258,3.058,9.524,484097.03
4,67,70.65,No,129.089,3.872,5.946,2002362.37
26,113,33.33,No,137.7261935,3.921,7.467,922018.43
1,130,82.66,No,221.9412954,3.407,6.908,1439123.71
30,2,37.77,Yes,210.8979935,2.548,8.324,497374.57
40,73,62.59,No,135.2652667,3.851,4.781,977103.64
22,12,51.04,No,135.8721667,2.895,8.348,969594.47
6,54,39.38,Yes,214.4630941,3.022,6.858,1486920.17
4,58,50.93,No,128.3995,3.461,6.51,2039818.41
20,33,65.28,No,204.7513279,2.706,7.527,1948359.78
38,141,71.74,No,131.1083333,4.468,10.199,437320.66
37,139,79.49,No,221.6556,3.666,6.623,527953.14
45,82,72.55,No,186.5641172,3.704,8.625,833979.01
18,99,35.78,No,136.5883871,3.413,8.471,1882393.4
37,14,75.56,No,209.1215867,2.835,8.464,543234.77
10,92,68.57,No,129.8051935,3.828,7.874,1904438.59
36,76,85.63,No,214.1083654,3.55,8.177,385631.48
17,51,26.62,No,127.4404839,2.934,6.866,755804.37
1,84,76,Yes,215.861056,3.546,7.962,1540471.24
17,21,62.64,No,126.1266,2.82,6.635,893995.44
24,47,27.74,No,132.7477419,3.309,8.275,2386015.75
27,84,70.93,Yes,140.2310173,3.93,7.85,1911470.84
21,118,77.53,No,221.3095166,3.749,6.891,697645.32
23,60,29.11,No,133.9587419,3.624,5.114,1148624.83
9,25,84.49,No,214.7865779,2.608,6.442,462676.5
11,32,81.93,Yes,214.8065431,2.565,7.346,1231428.46
23,71,65.23,No,134.9425484,3.924,4.781,1447028.06
2,44,49.33,No,211.265543,2.708,8.163,2015781.27
26,95,31.07,Yes,136.4788,3.536,7.598,1282320.05
24,122,71.79,No,138.1138065,3.915,8.983,1467722.19
26,13,40.56,No,132.0644333,2.935,8.512,904503.85
15,105,35.3,No,137.0632581,3.796,7.943,523831.64
19,141,48.29,No,138.9117,4.186,7.992,1352809.5
22,111,46.06,No,141.55478,3.867,7.503,966780.01
18,92,38.29,No,136.475129,3.586,8.471,1100625.06
8,75,83.57,No,218.6895548,3.48,6.425,861965.12
17,90,47.27,No,129.7821613,3.579,6.617,877380.22
9,26,79.83,No,214.9257105,2.64,6.442,468675.19
29,22,72.88,No,132.5218667,2.815,10.409,581473.55
9,61,56.12,No,218.445164,3.524,6.38,520962.14
19,67,54.2,No,134.593,4.211,7.658,1429143.06
39,1,44.3,No,209.8529663,2.572,8.554,1230596.8
35,40,45.91,No,136.7862258,2.917,8.763,843755.12
7,29,59.59,No,190.2948237,2.732,9.017,582353.17
2,27,89.53,No,211.1608049,2.627,8.099,1991909.98
16,66,38.64,No,192.7252006,3.735,6.339,423805.22
5,33,82.28,No,212.0769346,2.582,6.496,282558.65
15,120,58.84,No,138.1065806,4.029,8.15,600050.98
44,93,33.8,No,129.8167097,3.513,6.078,312233.56
37,18,79.93,No,209.9398091,2.705,8.464,479195.02
18,80,73.57,No,136.144129,3.88,8.89,928470.83
4,97,31.64,No,129.8555333,3.153,5.143,2508955.24
6,51,46.2,No,213.3399647,3.016,6.858,1261253.18
22,138,63.38,No,142.6798167,4.056,7.753,921612.53
33,60,63.34,No,128.6160645,3.716,8.951,238084.08
7,69,37.51,No,192.8365651,3.795,8.595,457216.87
33,119,81.02,No,131.1453333,4.186,7.396,295841.84
43,110,54.52,No,212.5185936,3.669,9.653,636677.67
40,68,56.38,No,134.6803871,4.101,4.781,907110.83
42,75,88.57,No,129.1125,3.793,8.257,593234.27
26,55,19.63,No,133.3701429,3.263,7.907,981978.02
39,64,74.98,No,214.1921572,3.807,8.3,1563140.85
35,92,44.46,No,140.4279758,3.551,8.745,653468.75
6,61,62.25,No,216.3841249,3.524,6.855,1459276.77
33,89,76.49,No,129.7706452,3.698,8.01,272487.33
37,117,70.06,No,220.3014485,3.814,6.989,528807.45
10,114,65.99,No,131.0375484,4.282,7.382,2163384.17
10,13,69.76,No,126.3805667,3.105,9.524,1790694.59
23,79,69.53,No,136.0540323,3.903,4.584,1416344.68
23,73,63.8,No,135.2652667,3.851,4.781,1434036.18
5,98,54.42,No,219.7596266,3.159,6.3,379530.3
25,18,69.22,No,204.4042877,2.847,7.856,764155.44
41,94,36.64,No,195.7184713,3.479,6.759,1230118.02
15,137,65.44,No,138.5673,4.088,8.193,527509.76
36,85,82.06,No,214.7934111,3.473,8.177,343108.12
18,1,21.33,No,131.5279032,2.788,9.202,1205307.5
37,56,67.73,No,212.2912786,3.065,8.395,514758.19
27,125,73.23,No,142.1606464,3.722,8.253,1837884.79
42,133,88.83,No,130.7909677,4.002,7.17,575997.78
45,24,77.84,No,182.2604411,2.783,8.743,723708.99
26,117,43.6,No,137.9781333,4.023,7.489,911969
18,143,56.09,No,138.7281613,3.917,8.243,1127516.25
29,68,58.56,No,134.6803871,4.101,9.966,492932.51
41,65,39.81,No,192.6243322,3.663,6.934,1178841.05
41,140,50.14,No,198.8221322,3.779,6.195,1400160.95
11,74,86.43,No,218.5467052,3.524,7.567,1297472.06
16,140,50.46,No,198.8221322,3.779,5.847,471281.68
26,10,50.13,No,131.9408065,2.849,8.512,1022293.81
25,17,69.31,No,204.1406556,2.899,7.856,792442.54
16,123,65.43,No,197.6551863,3.741,6.169,603618.89
16,87,57.61,No,194.8779718,3.538,6.338,450075.31
10,36,77.04,No,126.2791667,2.924,9.003,1772192.42
13,82,81.53,No,129.2832581,3.57,6.877,2035244.54
30,36,65.76,No,211.4044906,2.633,8.163,462080.47
3,24,84.32,No,214.4176476,2.623,7.346,352728.78
3,111,64,No,224.7166953,3.734,6.833,411775.8
16,6,28.64,No,189.7372075,2.684,7.039,445393.74
39,135,83.72,No,220.9853964,3.638,6.623,1710923.94
38,136,88.52,Yes,130.9325484,4.124,10.926,490274.82
6,16,74.8,No,212.1275324,2.826,7.092,1531938.44
35,77,82.28,No,139.7969712,3.811,8.684,820188.42
45,55,40.7,No,183.9371353,3.245,8.549,802253.41
14,41,46.14,No,182.9916129,2.931,8.724,2092189.06
9,22,78.55,No,214.7765028,2.669,6.442,528832.54
41,117,57.66,No,197.664546,3.927,6.547,1248950.65
9,137,73.55,No,226.3567545,3.717,5.277,523427.35
16,108,26.21,No,196.9499007,3.129,6.162,495720.3
6,127,82.95,No,223.4919851,3.227,5.668,1876359.39
2,9,63.27,No,210.4798874,2.719,8.2,2066187.72
24,26,75.91,No,132.5983871,2.932,8.117,1387517.63
16,41,34.04,No,191.0411474,2.737,6.986,453632.76
31,93,59.8,No,217.6455387,3.297,7.441,1444783.64
5,136,86.3,Yes,223.0298805,3.73,5.603,350648.91
45,8,54.36,No,181.9718697,2.854,8.992,782563.38
10,143,70.5,No,131.1930968,4.301,6.943,1744349.05
29,95,46.28,Yes,136.4788,3.536,9.357,913165.19
1,98,51.63,No,219.1794533,3.159,7.866,1881176.67
16,45,32.02,No,190.9741069,2.728,6.986,570103.64
4,49,39.34,No,127.1917742,2.98,6.51,1862476.27
23,61,29.44,No,134.0682581,3.638,4.781,1182694.95
44,100,31.53,Yes,130.0710323,3.119,6.078,263917.85
43,92,59.08,No,209.516265,3.332,10.148,641905.37
35,43,46.67,Yes,136.6895714,3.039,8.763,1781866.98
22,10,57.06,No,135.7856359,2.849,8.348,1033171.07
3,29,88.02,No,214.9314191,2.664,7.346,351728.21
5,6,58.5,No,211.9371839,2.667,6.566,297293.59
31,125,81.78,No,221.4411622,3.346,6.891,1394065.76
26,128,64.47,No,138.263,3.561,7.405,1063149.78
13,91,47.41,No,129.7936774,3.567,6.392,1948733.81
29,36,56.32,No,132.7516667,2.776,10.524,530059.06
6,114,71.6,No,223.0419298,3.891,5.964,1840131.19
1,34,80.94,No,211.5972246,2.624,7.787,1351791.03
44,37,54.12,No,126.3266774,2.845,7.61,268708.43
14,9,47.74,No,181.8657537,2.85,8.899,2495630.51
4,68,70.49,No,129.0756774,3.881,5.946,2015563.48
34,133,77.78,No,130.7909677,3.552,9.285,1013820.86
22,129,76.57,No,142.2337569,3.61,7.753,991969.37
15,104,30.87,No,136.9598387,3.737,7.943,466045.63
4,20,81.53,No,126.114,2.635,7.896,1929736.35
45,78,81.31,No,186.2955962,3.829,8.625,704680.97
36,60,71.07,No,213.3436744,3.488,8.395,390732.02
32,70,61.25,No,192.8418131,3.763,8.595,1167757
9,57,60.67,No,217.4036503,3.288,6.416,542016.18
2,45,45.5,No,211.1247993,2.843,8.163,2378726.55
17,102,20.28,No,130.244,3.056,6.403,873576.96
31,124,81.51,No,221.4009901,3.393,6.891,1431003.43
2,86,75.58,No,216.0282356,3.467,7.852,1669299.78
37,140,73.57,No,221.8533396,3.617,6.228,546122.37
14,66,58.21,No,185.9374378,4.046,8.521,2095599.93
2,14,71.28,No,210.0011018,2.835,8.2,2042581.71
39,125,79.84,No,220.4886472,3.346,6.989,1532316.79
29,137,66.42,No,138.5673,3.988,9.419,475127.18
29,23,79.22,No,132.5461333,2.806,10.409,563449.43
12,61,63.63,No,128.7199355,3.772,13.736,1005463.49
14,82,72.55,No,186.5641172,3.704,8.625,2273470.62
42,16,78.32,No,126.1843871,3.12,9.524,504403.16
44,87,68.28,No,129.6060667,3.623,6.56,299757.75
31,85,80.62,No,215.6944378,3.526,7.852,1363460.86
40,129,70.45,No,138.2331935,3.61,4.156,968502.38
2,29,88.7,No,211.2596586,2.664,8.099,1964335.23
5,95,61.93,Yes,219.0428204,3.236,6.3,507900.07
26,52,5.54,No,133.1059677,3.243,7.907,817485.14
11,19,82.81,No,214.787913,2.668,7.343,1339570.85
25,70,70.69,No,208.3551116,3.922,7.287,737551.74
40,48,19.29,Yes,132.8150323,3.177,5.287,811318.3
22,45,28.43,No,136.5255714,3.132,8.572,1367202.84
45,5,37.13,No,182.1201566,2.777,8.992,777951.22
37,127,81.52,No,220.567112,3.227,6.623,519498.32
37,93,63.5,No,216.7217373,3.297,7.716,501268.78
34,32,72.61,Yes,126.1145806,2.574,9.816,932240.96
9,51,44.72,No,215.3554013,3.016,6.416,454021.69
45,50,24.78,No,182.6585782,3.205,8.549,654018.95
17,73,60.99,No,129.0663,3.668,6.774,920719.98
29,140,62.09,No,138.8256,4.027,9.151,520632.8
15,97,38.53,No,136.5030667,3.627,7.866,764565.55
4,127,80.37,No,130.7196333,3.187,4.077,2224499.28
30,29,89.58,No,211.2596586,2.664,8.099,447139.8
18,115,47.75,No,137.868,4.025,8.304,998443.5
12,87,83.26,No,129.6060667,3.877,13.503,866401.45
4,107,34.19,No,130.4546207,3.493,4.607,2427640.17
45,10,65.45,No,181.7596377,2.869,8.899,833782.7
4,100,36.89,Yes,130.0710323,3.119,5.143,2007105.86
36,130,84,No,220.6234054,3.392,6.623,279643.43
23,127,70.86,No,138.2296333,3.538,4.156,1545370.16
16,29,63.59,No,190.2948237,2.732,6.868,521516.96
45,39,61.3,No,182.9011166,2.921,8.724,732859.76
31,15,73.08,No,209.9984585,2.854,8.2,1287288.59
26,132,67.01,No,138.1437742,3.772,7.405,1121476.51
42,83,91.61,No,129.3259355,3.798,8.257,537124.76
21,37,68.61,No,211.4713286,2.72,8.163,693412.05
37,138,75.98,No,221.4578604,3.721,6.623,521320.98
45,113,50.04,No,190.6107463,3.953,8.424,777254.06
6,5,49.63,No,212.8745193,2.625,7.259,1601348.82
3,70,84.29,No,218.6449369,3.699,7.574,394507.84
12,41,57.79,No,126.5461613,3.13,14.313,942475.24
22,49,32.56,No,136.7332569,3.193,8.458,873954.7
42,6,52.33,No,126.6042857,3.034,9.765,588363.62
10,129,84.45,No,130.7012903,3.589,7.17,1869967.03
11,8,58.09,No,214.3241011,2.732,7.368,1245624.27
35,74,73.76,No,139.36375,3.748,8.684,874453.88
45,124,71.93,No,191.0299731,3.62,8.567,821498.18
1,38,69.86,No,211.8612937,2.725,7.838,1345454
17,108,30.01,No,130.5502069,3.145,6.403,843864.43
4,50,31.6,No,127.3009355,2.992,6.51,1865502.46
23,91,42.57,No,136.4884516,3.604,4.42,1407191.96
33,62,75.11,No,128.8238065,3.818,8.687,271924.73
26,14,54.72,No,132.1062,2.981,8.512,1074479.73
31,129,84.25,No,221.5701123,3.311,6.565,1392395.2
5,111,63.55,No,221.7989713,3.734,5.943,339392.54
39,110,61.64,No,219.7437314,3.669,7.244,1470764.35
37,96,53.57,No,217.4229206,3.172,7.716,527117.81
17,70,49.61,No,129.0490323,3.752,6.774,895020.48
25,21,72.17,No,204.5675459,2.808,7.856,737569.14
26,94,37.78,No,136.4666667,3.571,7.598,946091.79
9,121,79.69,No,225.4944288,3.561,5.539,547226
34,129,77.7,No,130.7012903,3.263,9.285,950929.59
20,9,51,No,204.0252842,2.85,7.856,2405395.22
14,134,72.62,No,191.3448865,3.834,8.684,1621841.33
31,17,80.94,No,210.5552301,2.759,8.2,1309437.17
17,106,23.63,Yes,130.3849032,3.116,6.403,880165.7
22,47,29.76,No,136.597273,3.15,8.572,1962445.04
25,99,36.56,No,212.2360401,3.389,7.082,1290532.97
29,30,68.99,No,132.6932258,2.77,10.409,545766.13
43,34,77.42,No,203.5216786,2.624,9.816,650263.95
44,14,44.42,No,126.2898,2.948,7.972,285379.86
29,53,26.39,No,133.1834194,3.24,10.256,504126.89
6,58,57.71,No,215.6488731,3.459,6.858,1494497.39
16,36,54.29,No,190.7763218,2.745,6.986,442894.2
42,97,42.58,No,129.8555333,3.644,7.874,619133.48
32,130,77.56,No,197.9792136,3.57,7.872,1144901.52
41,103,31.56,No,196.7796652,3.055,6.589,1116295.24
5,84,79.04,Yes,216.4226819,3.546,6.529,321110.22
23,90,52.12,No,136.5017742,3.618,4.42,1441032.59
35,94,51.42,No,140.4127857,3.53,8.745,820964.1
11,1,46.04,No,214.4248812,2.572,7.368,1528008.64
21,30,86.2,No,211.2241759,2.619,8.099,855882.57
37,66,69.56,No,214.5240376,3.906,8.3,547513.3
1,109,60.96,No,220.8480454,3.63,7.348,1688420.76
16,88,48.91,No,194.9459724,3.498,6.232,482926.93
36,111,67.48,No,219.8956335,3.779,7.244,335345.82
28,96,52.5,No,129.8459667,3.701,12.89,1368130.35
11,34,77.36,No,214.9084516,2.624,7.346,1170103.25
27,128,78.95,No,142.2548214,3.689,8.239,1755889.53
30,1,39.05,No,210.7526053,2.572,8.324,465108.52
24,117,49.26,No,137.9781333,4.163,8.983,1194334.65
17,129,70.59,No,130.7012903,3.556,5.936,944698.7
17,28,65.17,No,126.064,2.837,6.697,759995.18
19,100,31.65,Yes,136.6432581,3.566,7.866,1405168.06
35,4,36,No,135.5195191,2.754,9.262,1020651.74
8,51,42.06,No,215.1729926,3.016,6.262,822668.23
10,9,63.66,No,126.6034839,3.086,9.524,2138651.97
25,134,64.53,No,214.9567044,3.834,7.28,756527.64
11,29,88.93,No,214.9314191,2.664,7.346,1430192.37
34,113,59.29,No,130.9670968,3.82,9.653,938861.77
18,8,47.55,No,131.863129,2.831,9.202,1092704.09
40,132,70.09,No,138.1437742,3.772,4.156,1007906.43
15,96,45.67,No,136.4909333,3.666,7.866,699028.66
18,26,75.79,No,132.5983871,2.792,9.342,1078557.62
8,116,63.59,No,225.1179914,3.877,5.679,872288.46
41,86,55.06,No,194.8099713,3.581,6.901,1173059.79
30,75,89.16,No,214.9296249,3.48,7.852,419764.37
45,31,78.37,No,182.6042922,2.715,8.743,790144.7
4,76,83.27,No,129.1338387,3.563,5.644,2049046.95
34,75,80.84,No,129.1125,3.469,10.641,926934.57
18,29,71.76,No,132.6616129,2.796,9.342,1141860.67
45,48,29.67,Yes,182.5714479,3.179,8.724,679156.2
29,127,77.41,No,138.2296333,3.538,9.419,578832.41
38,109,52.27,No,130.6457931,4.178,12.187,471115.38
32,84,61.24,Yes,194.6387853,3.566,8.622,1128237.3
41,138,59.81,No,198.358523,3.765,6.432,1276609.36
21,87,78.91,No,216.3620333,3.355,7.852,651970.48
25,129,74.32,No,214.7331351,3.567,7.28,685676.58
41,89,47.43,No,195.0261012,3.491,6.759,1247130.22
36,98,58.31,No,217.8781339,3.133,7.716,341503.92
19,73,68.4,No,135.2652667,3.964,7.658,1440785.7
12,52,50.74,No,127.5800323,3.342,14.021,873119.06
7,85,43.67,No,194.7419707,3.596,8.622,558981.45
21,134,77.72,No,221.8083518,3.62,6.565,802003.61
12,10,59.25,No,126.6019032,3.09,14.099,1041238.87
25,82,66.8,No,208.902476,3.704,7.274,726422.55
31,80,92.32,No,215.2593211,3.638,7.852,1443311.49
18,2,26.41,Yes,131.5866129,2.771,9.202,1187880.7
26,67,48.2,No,134.593,4.095,7.818,941008.85
1,30,85.22,No,211.5673056,2.619,7.787,1449142.92
5,31,84.06,No,212.0869176,2.577,6.496,323798
39,63,73.19,No,214.026217,3.743,8.3,1348031.55
8,28,80.11,No,215.0196857,2.692,6.315,867919.21
8,39,57.93,No,215.2739,2.716,6.433,830756.76
4,8,39.91,No,126.6050645,2.752,8.623,1762539.3
26,98,28.24,No,136.5335161,3.445,7.598,1204807.83
26,62,29.09,No,134.1777742,3.72,7.818,985229.81
41,142,49.56,No,199.1481963,3.75,6.195,1326197.24
42,102,51,No,130.244,3.477,7.545,664348.2
22,6,43.43,No,135.6270013,2.805,8.283,967187.37
33,45,60.72,No,126.7934,3.091,9.265,253050.1
11,135,86.49,No,225.8293063,3.638,6.334,1372872.35
39,51,50.25,No,210.6031072,3.016,8.395,1243370.74
27,48,29.59,Yes,136.665265,3.336,8.021,1440963
10,49,43.43,No,127.1917742,3.287,8.744,1714309.9
11,59,70.17,No,217.7235226,3.488,7.551,1391813.69
43,44,44.56,No,203.5714286,2.708,10.21,557543.62
42,25,88.44,No,126.1283548,3.112,9.199,491115.86
30,52,44.04,No,211.8552668,3.01,8.028,425989.04
31,90,65.16,No,217.1650042,3.353,7.441,1409310.4
6,22,80.34,No,212.746898,2.669,6.973,1759777.25
18,107,32.87,No,137.2583103,3.703,8.075,1115985.81
30,8,51.66,No,210.6766095,2.732,8.324,442457.35
1,96,48.91,No,218.7147333,3.172,7.866,1584083.95
34,137,64.28,No,130.9776667,3.706,9.285,955211.7
32,97,17.94,No,195.8742575,3.331,8.513,1415746.91
41,121,54.89,No,197.5886046,3.804,6.547,1424500.47
15,51,21.84,No,133.0285161,3.391,7.771,487311.03
13,58,41.28,No,128.3995,3.346,7.47,1852432.58
7,111,37.29,No,197.0457208,3.486,8.256,669205.73
10,32,84.04,Yes,126.1145806,2.961,9.199,1720530.23
38,101,50.43,No,130.1575161,3.599,12.187,478483.2
20,31,75.5,No,204.7583566,2.715,7.527,2121561.41
38,84,88,Yes,129.3686129,3.913,13.503,397771.68
21,116,66.97,No,221.2021074,3.877,6.891,734858.91
40,66,50.81,No,134.5143667,4.078,4.781,1016752.55
45,9,47.74,No,181.8657537,2.85,8.899,877235.96
7,140,48.43,No,198.8221322,3.779,7.557,505830.56
25,141,43.74,No,216.1150568,4,7.293,697317.41
10,107,54.12,No,130.4546207,3.781,7.545,2168709.76
5,73,84.76,No,215.6539583,3.594,6.489,302881.64
38,96,52.5,No,129.8459667,3.701,12.89,411252.02
29,4,35.98,No,131.686,2.753,10.064,488417.61
12,89,67.31,No,129.7706452,3.805,12.89,927600.01
31,118,77.53,No,221.3095166,3.749,6.891,1391257.28
13,19,65.24,No,126.1119032,2.841,8.107,2037880.96
37,91,71.31,No,216.4051315,3.372,7.716,517355.44
26,141,45.19,No,138.9117,4.029,7.138,1044639.69
19,21,72.3,No,132.4976,2.958,8.185,1450407.32
11,120,72.53,No,225.2512024,3.63,6.664,1352442.31
8,91,56.86,No,221.1278032,3.372,6.123,876712.31
32,44,35.18,No,190.9931437,2.712,9.137,1200892.56
19,131,73.41,No,138.1735806,3.819,8.193,1342123.78
9,27,87.09,No,215.064843,2.627,6.442,522815.45
13,36,63.03,No,126.2791667,2.841,7.795,1871924.07
35,18,74.29,No,136.2181682,2.847,9.051,1282378.71
23,82,67.04,No,136.2136129,3.796,4.584,1637266.29
6,81,89.26,No,217.2069662,3.554,6.925,1493544.04
32,108,33.41,No,196.9499007,3.129,8.256,1091822.72
25,131,72.08,No,214.7433514,3.654,7.28,709724.6
24,40,42.2,No,132.9245806,3.049,8.275,1285358.01
22,94,50.62,No,140.4127857,3.571,7.706,1007579.44
38,130,93.47,No,130.7195806,3.769,10.926,407186.47
21,49,44.24,No,211.0648881,2.976,8.028,629152.06
4,104,40.31,No,130.3144516,3.29,4.607,1928720.51
44,18,59.85,No,126.1360645,2.871,7.972,282351.82
6,101,50.82,No,221.3088023,3.157,6.132,1395339.71
36,99,55.41,No,218.0541851,3.098,7.716,325262.46
17,68,51.93,No,129.0756774,3.802,6.774,844443.35
28,106,52.27,Yes,130.3849032,3.722,12.187,1572966.15
44,1,31.53,No,126.4420645,2.666,8.119,281090.95
8,20,78.79,No,214.8324452,2.637,6.29,869922.56
33,67,78.24,No,129.089,4.202,8.687,279466.87
8,129,79.94,No,225.4930078,3.311,5.401,888834.07
32,2,28.09,Yes,189.4642725,2.572,9.014,1123566.12
26,69,56.74,No,134.7677742,4.034,7.818,996723.58
25,67,60.1,No,208.9599189,4.066,7.287,684783.15
34,124,76.48,No,130.8295333,3.372,9.575,982345.51
11,22,83.09,No,214.5463222,2.669,7.346,1302600.14
27,43,46.67,Yes,136.6895714,3.186,8.021,2627910.75
7,23,58,No,189.5231276,2.711,9.017,593462.34
38,125,91.61,No,130.7929,4.014,11.627,405938.35
39,65,76.47,No,214.3580974,3.81,8.3,1379651.87
38,49,37.64,No,127.1917742,3.287,14.021,386344.54
13,8,41.48,No,126.6050645,2.819,8.316,1882095.98
8,46,45.03,No,214.7510843,2.869,6.433,1220579.55
42,115,70.28,No,131.108,4.254,7.382,639123.45
19,40,41.78,No,132.9245806,3.049,8.067,1435379.25
2,126,86.32,No,221.4813343,3.286,6.891,1881046.12
27,118,53.68,No,142.0177929,4.124,8.253,1669388.45
14,72,69.32,No,185.6719333,3.842,8.521,2082083.34
44,3,35.7,No,126.5262857,2.654,8.119,267956.3
16,143,40.99,No,199.2195317,3.686,5.847,475770.14
5,69,80.14,No,216.0704083,3.786,6.489,297149.69
23,15,45.33,No,132.152129,2.983,5.435,1303055.09
2,132,88.55,No,221.5954138,3.494,6.565,1866719.96
2,69,76.42,No,215.1544822,3.786,7.931,1797732.56
28,54,51.3,Yes,127.859129,3.381,14.021,1397301.38
21,137,76.1,No,222.2174395,3.717,6.565,628494.63
35,78,79.41,No,139.8933099,3.829,8.684,770820.27
30,60,70.33,No,214.2521573,3.473,8.028,431754.01
36,81,87.24,No,214.4239935,3.534,8.177,373267.58
43,59,68.98,No,206.225924,3.488,10.398,635171.05
18,111,45.84,No,137.5843871,3.867,8.075,1022018.43
17,76,67.93,No,129.1338387,3.553,6.745,902727.76
17,22,68.98,No,126.1392,2.814,6.697,958875.37
43,106,46.54,Yes,211.7644101,3.409,9.653,662198.65
20,27,74.57,No,204.7293252,2.784,7.527,1910177.38
29,135,71.93,No,138.3771935,3.884,9.419,545844.91
13,61,42.49,No,128.7199355,3.487,7.193,1864238.64
18,38,47.12,No,132.8170968,2.919,9.331,1052120.43
39,114,73.49,No,220.1204125,3.891,6.989,1764847.94
16,77,65.36,No,193.5120367,3.545,6.338,581758.22
30,20,86.18,No,211.1096543,2.637,8.2,447727.52
9,134,77.9,No,225.9364729,3.62,5.277,572887.78
37,20,84.37,No,210.2108417,2.637,8.464,505761.62
44,46,35.21,No,126.8794839,2.842,7.61,278646.35
22,20,67.13,No,136.3243393,2.805,8.348,1052895.25
28,66,68.4,No,129.0444333,4.193,13.736,1515890.38
35,56,33.05,No,137.3764439,3.274,8.549,841129.26
2,118,76.73,No,221.3095166,3.749,6.891,1923957.09
44,33,66.84,No,126.1454667,2.875,7.804,279364.13
45,142,56.47,No,192.3308542,3.969,8.667,718125.53
5,49,48.3,No,211.9560305,2.976,6.634,286347.26
31,32,79.3,Yes,211.1532104,2.565,8.099,1308179.02
30,112,62.96,No,220.9244858,3.787,7.057,430222.97
16,53,13.64,No,191.7625895,3.011,6.614,479263.15
30,96,48.72,No,218.3590319,3.172,7.441,412385.75
3,90,69.03,No,220.9144005,3.353,7.197,394976.36
30,19,83.51,No,211.1120018,2.668,8.2,445530.16
9,65,70.85,No,219.2588382,3.81,6.38,532226.2
18,79,74.58,No,136.0540323,3.903,8.89,1002806.39
1,55,57.36,No,213.2478853,3.045,7.742,1686842.78
8,101,43.47,No,223.2409668,3.157,5.825,872113.23
13,134,77.37,No,130.8381613,3.582,5.765,2059458.25
40,56,16.5,No,133.4921429,3.281,5.114,888869.27
2,87,78.14,No,216.3620333,3.355,7.852,1650394.44
45,16,62.62,No,181.8538486,2.958,8.899,747888.25
20,8,50.49,No,204.201755,2.854,8.187,1894742.95
10,43,55.33,Yes,126.6692667,3.162,9.003,2939946.38
18,36,54.73,No,132.7516667,2.776,9.331,1107432.71
28,38,68.85,No,126.3815484,3.014,14.313,1120619.32
18,56,26.15,No,133.4921429,3.281,9.131,1005983.31
45,129,78.89,No,191.1670428,3.567,8.684,737613.65
33,94,63.35,No,129.8268333,3.669,8.01,251294.5
36,61,67.31,No,213.5776701,3.529,8.3,385672.11
29,16,59.99,No,132.2230323,2.961,10.16,502021.82
21,120,72.42,No,221.380331,3.63,6.891,700554.16
16,12,44.9,No,189.6190057,2.776,6.842,370230.94
37,95,66.41,Yes,217.1812533,3.236,7.716,522554.04
21,86,75.68,No,216.0282356,3.467,7.852,681913.29
31,34,80.79,No,211.2552578,2.624,8.099,1230250.25
21,127,85.26,No,221.5215064,3.227,6.565,693013.59
1,120,70.33,No,221.742674,3.63,7.143,1595901.87
3,39,72.04,No,215.2274686,2.716,7.564,348591.74
12,77,91.17,No,129.1507742,3.794,13.503,922231.92
20,51,27.43,No,205.0460497,3.229,7.343,1781805.66
18,137,64.45,No,138.5673,3.988,8.535,960476.1
29,55,35.34,No,133.3701429,3.263,10.256,542529.21
5,72,86.84,No,215.560463,3.637,6.489,304811.82
19,62,41.26,No,134.1777742,3.895,7.658,1419911.91
30,14,70.87,No,210.0011018,2.835,8.2,457883.94
15,56,20.87,No,133.4921429,3.452,7.771,547564.09
8,16,66.03,No,213.9577839,2.826,6.29,818333.21
17,41,36.32,No,126.5461613,2.831,6.885,855459.96
45,114,49.73,No,190.6851712,3.996,8.567,899479.43
3,86,80.19,No,219.7414914,3.467,7.567,365248.94
5,7,55.46,No,211.770897,2.72,6.566,281706.41
4,56,49,No,128.13,3.087,6.51,2078094.69
7,40,49.44,No,190.9964377,2.729,9.137,480512.44
25,6,40.05,No,204.5250598,2.818,8.187,660619.99
26,102,25.55,No,136.753,3.523,7.467,836305.65
18,109,33.59,No,137.4238966,3.827,8.075,1047178.91
37,27,85.49,No,210.2614925,2.627,8.36,508576.62
7,135,60.46,No,198.0967341,3.556,7.872,586467.16
24,136,72.81,Yes,138.4729355,4.076,8.953,1477134.75
27,87,70.92,No,140.381,3.858,7.85,1599626.26
20,28,75.98,No,204.8533784,2.805,7.527,2071022.45
11,70,86.14,No,218.6449369,3.699,7.574,1343637
17,5,31.58,No,126.5782857,2.681,6.548,783300.05
29,79,75.33,No,136.0540323,3.903,9.863,503486.37
5,23,81.14,No,211.6642907,2.642,6.496,291808.87
24,99,36.93,No,136.5883871,3.587,8.454,2168344.23
4,139,71.74,No,131.043,3.666,4.077,2027620.23
27,129,78.64,No,142.2337569,3.732,8.239,1730913.66
22,61,36.04,No,137.9558929,3.638,8.252,951588.37
13,64,47.55,No,128.9553,3.655,7.193,2124316.34
32,139,60.62,No,198.5903276,3.789,7.872,1157111.15
38,133,94.87,No,130.7909677,4.002,10.926,411866.46
32,129,77.76,No,197.9290378,3.585,7.872,1167829.33
6,24,83.75,No,212.6212163,2.623,6.973,1560120.8
7,14,40.07,No,189.5312483,2.771,8.963,395453.83
41,66,41.2,No,192.7252006,3.735,6.934,1244956.91
15,125,74.28,No,138.1629,3.722,8.15,687085.6
32,8,36.59,No,189.7195417,2.717,9.014,1076021.58
19,133,69.83,No,138.1857097,3.963,8.193,1375101.26
37,86,78.35,No,215.1233185,3.467,8.177,516556.94
28,42,58.18,No,126.6072,3.161,14.313,1179315.72
37,74,85.33,No,213.9324122,3.524,8.177,517021.3
15,76,73.34,No,135.7837419,3.915,7.806,624114.56
17,141,44.82,No,131.1083333,3.797,5.527,919878.34
30,95,56.43,Yes,218.1130269,3.236,7.441,452163.93
26,112,49.97,No,137.6552903,3.889,7.467,874790.68
32,101,36.75,No,196.5458309,3.095,8.256,1099937.25
44,71,61.39,No,129.0357097,3.732,6.906,308770.42
16,1,19.79,No,189.3816974,2.58,7.039,477409.3
8,50,31.62,No,214.7930991,2.983,6.262,809646.66
24,9,45.22,No,131.9019677,2.957,8.211,1478321.26
18,126,70.17,No,138.1962667,3.577,8.304,1097006.3
2,106,46.98,Yes,219.9049073,3.409,7.057,2103322.68
3,109,61.65,No,224.3470245,3.63,6.833,469752.56
2,40,57.85,No,211.6135053,2.689,8.163,1939061.41
44,141,55.1,No,131.1083333,3.797,5.217,337796.13
32,95,40.22,Yes,195.7704,3.424,8.513,1684468.66
24,119,58.7,No,138.0882667,4.055,8.983,1355391.79
42,40,71.04,No,126.4912903,3.009,9.003,565390.4
11,97,50.63,No,222.4167852,3.158,7.197,1646655.94
8,68,65.54,No,219.1746922,3.907,6.297,836049.89
28,102,48.07,No,130.244,3.657,12.187,1161190.29
23,7,43.01,No,131.8242903,2.834,5.892,1229008.32
5,123,81.02,No,222.33627,3.452,5.801,341704.59
5,43,66.15,Yes,212.303441,2.735,6.768,488362.61
30,138,71.54,No,222.4169362,3.721,6.565,443891.64
41,76,68.18,No,193.3125484,3.532,6.901,1245772.7
1,102,48.53,No,219.8925263,3.261,7.348,1459601.17
25,24,73.43,No,204.3571656,2.783,7.527,726997.84
35,134,72.93,No,142.3105933,3.834,8.839,895274.72
20,90,53.69,No,210.5473252,3.57,7.082,2104241.9
24,30,67,No,132.6932258,2.885,8.117,1350059.35
27,81,72.97,No,140.1289205,3.942,7.85,1781905.24
4,18,70.83,No,126.1360645,2.701,7.896,1903290.58
10,123,86.87,No,130.8896774,4.103,7.382,1840491.41
10,18,82.82,No,126.1360645,2.941,9.524,1931406.28
40,93,40.75,No,136.4618065,3.57,4.42,1037687.07
37,103,58.9,No,218.6755292,3.268,7.244,543894.07
10,128,89.8,No,130.683,3.723,7.17,1765571.91
45,6,45.8,No,182.1628441,2.818,8.992,765687.42
10,75,88.57,No,129.1125,3.793,8.257,1699708.38
8,30,74.92,No,214.9362793,2.619,6.315,888816.78
45,61,37.27,No,185.1790167,3.638,8.521,712425.76
30,70,83.82,No,214.9254865,3.699,7.931,432808.48
43,7,56,No,203.195159,2.72,9.521,668098.49
15,98,35.49,No,136.5335161,3.611,7.866,870415.49
29,57,33.52,No,133.6141429,3.437,10.256,536031.67
28,129,85.53,No,130.7012903,3.726,10.926,1149427.48
22,81,71.3,No,140.1289205,3.82,8.023,973004.91
38,14,70.15,No,126.2898,3.127,14.099,383657.44
1,83,87.83,No,215.7971409,3.533,7.962,1550229.22
24,43,41.92,Yes,132.8369333,3.186,8.275,1779276.51
24,138,61.25,No,138.6534,4.203,8.953,1261158.47
5,35,71.1,No,212.2269463,2.603,6.768,283178.12
36,29,85.54,No,210.3617581,2.604,8.36,437949.9
29,76,75.2,No,135.7837419,3.827,9.863,505246.15
41,104,33.15,No,196.8262786,3.038,6.589,1079398.81
34,47,42.74,No,126.9835806,2.887,10.21,1620748.25
10,101,59.85,No,130.1575161,3.443,7.545,1683401.78
38,3,54.83,No,126.5262857,2.915,13.975,327237.92
33,83,99.2,No,129.3259355,3.798,8.442,239198.36
5,26,82.46,No,211.9270006,2.64,6.496,268929.03
41,67,50.29,No,192.826069,3.767,6.934,1270025.74
40,33,55.34,No,132.7670667,2.716,5.326,855046.95
41,37,49.91,No,190.8623087,2.762,7.508,1133913.33
29,131,72.99,No,138.1735806,3.698,9.419,504754.74
23,134,64.63,No,138.2814516,3.874,4.156,1702220.96
2,54,33.19,Yes,212.5928624,3.022,8.028,2168041.61
19,117,42.45,No,137.9781333,4.163,8.15,1285897.24
35,55,39.32,No,137.2511849,3.245,8.549,865305.88
30,122,79.24,No,221.3852748,3.501,6.891,427021.18
41,70,54.81,No,192.8418131,3.763,6.934,1297584.95
16,79,63.96,No,193.9110133,3.554,6.338,592981.33
7,65,26.79,No,192.6243322,3.663,8.595,410429.73
44,78,77.62,No,129.1677097,3.574,6.56,279677
44,110,38.24,No,130.7413793,3.38,5.774,303438.24
29,100,36.28,Yes,136.6432581,3.402,9.357,551743.05
37,48,52.88,Yes,210.182398,2.943,8.476,460331.7
21,99,46.54,No,218.9995495,3.112,7.441,1384552.17
26,1,9.55,No,131.5279032,2.788,8.488,1034119.21
22,116,58.81,No,141.9015262,4.046,7.671,1000342.87
21,126,88.05,No,221.4813343,3.286,6.891,716341.39
14,90,59.6,No,187.7846197,3.57,8.523,2009004.59
17,113,45.29,No,130.9670968,3.734,6.403,872469.03
